timestamp,worker_id,attempt,start_date,days,status,message
2025-12-07T17:39:01.734056,4,1,2025-12-19,4,print,[parser-4] attempt 1: starting range 2025-12-19 -> 2025-12-22
2025-12-07T17:39:01.738632,4,1,2025-12-19,4,start,starting range 2025-12-19 -> 2025-12-22
2025-12-07T17:39:01.740906,4,1,2025-12-19,4,print,[trace] create_browser_options start
2025-12-07T17:39:01.742923,4,1,2025-12-19,4,print,[trace] get_connection start
2025-12-07T17:39:01.830189,4,1,2025-12-19,4,print,[trace] get_connection yield connection
2025-12-07T17:39:01.830189,4,1,2025-12-19,4,print,[trace] PostgresPriceRepository.__init__ start
2025-12-07T17:39:07.145530,4,1,2025-12-19,4,print,[trace] SeleniumHotelGateway.__init__ start
2025-12-07T17:39:07.167070,4,1,2025-12-19,4,print,[trace] SeleniumHotelGateway._open_site start
2025-12-07T17:39:07.180216,4,1,2025-12-19,4,print,[trace] find_btn start
2025-12-07T17:39:25.575476,4,1,2025-12-19,4,print,"Нашел рамку ""block--content"""
2025-12-07T17:39:25.630212,4,1,2025-12-19,4,print,"Нашел рамку ""tl-booking-form"""
2025-12-07T17:39:25.778642,4,1,2025-12-19,4,print,Нашел и переключился на iframe
2025-12-07T17:39:28.792795,4,1,2025-12-19,4,print,"Нашел ""page-container"""
2025-12-07T17:39:41.255744,4,1,2025-12-19,4,print,[trace] PriceParsingService.__init__ start
2025-12-07T17:39:41.288305,4,1,2025-12-19,4,print,"[trace] parse_period start start_date=2025-12-19, days=4"
2025-12-07T17:39:41.328382,4,1,2025-12-19,4,print,[trace] parse_period processing date=2025-12-19
2025-12-07T17:39:41.400348,4,1,2025-12-19,4,print,[trace] get_regular_prices_for_date start dt=2025-12-19
2025-12-07T17:39:41.706692,4,1,2025-12-19,4,print,[trace] switch_dates start for date=2025-12-19
2025-12-07T17:39:42.579451,4,1,2025-12-19,4,print,"Нашел элемент ""input_date"""
2025-12-07T17:39:42.875942,4,1,2025-12-19,4,print,"Нашел элемент ""input_btn"""
2025-12-07T17:39:43.151670,4,1,2025-12-19,4,print,"Проскроллил к ""input_btn"""
2025-12-07T17:39:43.622615,4,1,2025-12-19,4,print,"Кликнул на ""input_btn"""
2025-12-07T17:39:43.771770,4,1,2025-12-19,4,print,"Нашел рамку выбора дат ""x-modal__container"""
2025-12-07T17:39:46.777559,4,1,2025-12-19,4,print,[trace] find_dates start
2025-12-07T17:39:52.435140,4,1,2025-12-19,4,print,Нашел список дат для выбора
2025-12-07T17:39:57.437806,4,1,2025-12-19,4,print,"[trace] find_date_btn start dt=2025-12-19, procedure=arrival"
2025-12-07T17:39:59.147462,4,1,2025-12-19,4,print,Кликнул по кнопке заезда
2025-12-07T17:39:59.149980,4,1,2025-12-19,4,print,"[trace] find_date_btn start dt=2025-12-19, procedure=checkout"
2025-12-07T17:40:01.227589,4,1,2025-12-19,4,print,Кликнул по кнопке выезда
2025-12-07T17:40:05.481295,4,1,2025-12-19,4,print,[trace] find_categories start
2025-12-07T17:40:23.665166,4,1,2025-12-19,4,print,На 19.12.2025 найдено: 34 доступных категорий
2025-12-07T17:40:26.740352,4,1,2025-12-19,4,print,Выбрал 1 категорию из 34 найденных
2025-12-07T17:40:26.743348,4,1,2025-12-19,4,print,[trace] check_last_room start
2025-12-07T17:40:26.941054,4,1,2025-12-19,4,print,Переходим в категорию 1 из списка и спим 4 секунды
2025-12-07T17:40:30.945505,4,1,2025-12-19,4,print,[trace] extract_regular_prices start date=2025-12-19
2025-12-07T17:40:31.326812,4,1,2025-12-19,4,print,"Нашел кнопку возврата к выбору категорий и кликнул по ней, спим 3 секунды"
2025-12-07T17:40:34.328728,4,1,2025-12-19,4,print,[trace] find_categories start
2025-12-07T17:40:45.482731,4,1,2025-12-19,4,print,Выбрал 2 категорию из 34 найденных
2025-12-07T17:40:45.485847,4,1,2025-12-19,4,print,[trace] check_last_room start
2025-12-07T17:40:45.542803,4,1,2025-12-19,4,print,Переходим в категорию 2 из списка и спим 4 секунды
2025-12-07T17:40:49.544944,4,1,2025-12-19,4,print,[trace] extract_regular_prices start date=2025-12-19
2025-12-07T17:40:49.695625,4,1,2025-12-19,4,print,"Нашел кнопку возврата к выбору категорий и кликнул по ней, спим 3 секунды"
2025-12-07T17:40:52.698023,4,1,2025-12-19,4,print,[trace] find_categories start
2025-12-07T17:41:04.621714,4,1,2025-12-19,4,print,Выбрал 3 категорию из 34 найденных
2025-12-07T17:41:04.622509,4,1,2025-12-19,4,print,[trace] check_last_room start
2025-12-07T17:41:04.665207,4,1,2025-12-19,4,print,Переходим в категорию 3 из списка и спим 4 секунды
2025-12-07T17:41:08.668856,4,1,2025-12-19,4,print,[trace] extract_regular_prices start date=2025-12-19
2025-12-07T17:41:08.881960,4,1,2025-12-19,4,print,"Нашел кнопку возврата к выбору категорий и кликнул по ней, спим 3 секунды"
2025-12-07T17:41:11.886624,4,1,2025-12-19,4,print,[trace] find_categories start
2025-12-07T17:41:22.515123,4,1,2025-12-19,4,print,Выбрал 4 категорию из 34 найденных
2025-12-07T17:41:22.515123,4,1,2025-12-19,4,print,[trace] check_last_room start
2025-12-07T17:41:22.589208,4,1,2025-12-19,4,print,Переходим в категорию 4 из списка и спим 4 секунды
2025-12-07T17:41:26.592988,4,1,2025-12-19,4,print,[trace] extract_regular_prices start date=2025-12-19
2025-12-07T17:41:26.756517,4,1,2025-12-19,4,print,"Нашел кнопку возврата к выбору категорий и кликнул по ней, спим 3 секунды"
2025-12-07T17:41:29.759043,4,1,2025-12-19,4,print,[trace] find_categories start
2025-12-07T17:41:41.356442,4,1,2025-12-19,4,print,Выбрал 5 категорию из 34 найденных
2025-12-07T17:41:41.357448,4,1,2025-12-19,4,print,[trace] check_last_room start
2025-12-07T17:41:41.409967,4,1,2025-12-19,4,print,Переходим в категорию 5 из списка и спим 4 секунды
2025-12-07T17:41:45.411915,4,1,2025-12-19,4,print,[trace] extract_regular_prices start date=2025-12-19
2025-12-07T17:41:45.627730,4,1,2025-12-19,4,print,"Нашел кнопку возврата к выбору категорий и кликнул по ней, спим 3 секунды"
2025-12-07T17:41:48.644219,4,1,2025-12-19,4,print,[trace] find_categories start
2025-12-07T17:41:58.165017,4,1,2025-12-19,4,print,Выбрал 6 категорию из 34 найденных
2025-12-07T17:41:58.167157,4,1,2025-12-19,4,print,[trace] check_last_room start
2025-12-07T17:41:58.214148,4,1,2025-12-19,4,print,Переходим в категорию 6 из списка и спим 4 секунды
2025-12-07T17:42:02.217105,4,1,2025-12-19,4,print,[trace] extract_regular_prices start date=2025-12-19
2025-12-07T17:42:02.741408,4,1,2025-12-19,4,print,"Нашел кнопку возврата к выбору категорий и кликнул по ней, спим 3 секунды"
2025-12-07T17:42:05.745818,4,1,2025-12-19,4,print,[trace] find_categories start
2025-12-07T17:42:23.358547,4,1,2025-12-19,4,print,Выбрал 7 категорию из 34 найденных
2025-12-07T17:42:23.362120,4,1,2025-12-19,4,print,[trace] check_last_room start
2025-12-07T17:42:23.640420,4,1,2025-12-19,4,print,Переходим в категорию 7 из списка и спим 4 секунды
2025-12-07T17:42:27.645318,4,1,2025-12-19,4,print,[trace] extract_regular_prices start date=2025-12-19
2025-12-07T17:42:28.251931,4,1,2025-12-19,4,print,"Нашел кнопку возврата к выбору категорий и кликнул по ней, спим 3 секунды"
2025-12-07T17:42:31.258381,4,1,2025-12-19,4,print,[trace] find_categories start
2025-12-07T17:42:43.123706,4,1,2025-12-19,4,print,Выбрал 8 категорию из 34 найденных
2025-12-07T17:42:43.125723,4,1,2025-12-19,4,print,[trace] check_last_room start
2025-12-07T17:42:43.247930,4,1,2025-12-19,4,print,Переходим в категорию 8 из списка и спим 4 секунды
2025-12-07T17:42:47.274013,4,1,2025-12-19,4,print,[trace] extract_regular_prices start date=2025-12-19
2025-12-07T17:42:47.671261,4,1,2025-12-19,4,print,"Нашел кнопку возврата к выбору категорий и кликнул по ней, спим 3 секунды"
2025-12-07T17:42:50.675833,4,1,2025-12-19,4,print,[trace] find_categories start
2025-12-07T17:43:00.767027,4,1,2025-12-19,4,print,Выбрал 9 категорию из 34 найденных
2025-12-07T17:43:00.772027,4,1,2025-12-19,4,print,[trace] check_last_room start
2025-12-07T17:43:00.908507,4,1,2025-12-19,4,print,Переходим в категорию 9 из списка и спим 4 секунды
2025-12-07T17:43:04.910690,4,1,2025-12-19,4,print,[trace] extract_regular_prices start date=2025-12-19
2025-12-07T17:43:06.060520,4,1,2025-12-19,4,print,"Нашел кнопку возврата к выбору категорий и кликнул по ней, спим 3 секунды"
2025-12-07T17:43:09.075016,4,1,2025-12-19,4,print,[trace] find_categories start
2025-12-07T17:43:27.241401,4,1,2025-12-19,4,print,Выбрал 10 категорию из 34 найденных
2025-12-07T17:43:27.250761,4,1,2025-12-19,4,print,[trace] check_last_room start
2025-12-07T17:43:27.408841,4,1,2025-12-19,4,print,Переходим в категорию 10 из списка и спим 4 секунды
2025-12-07T17:43:31.412302,4,1,2025-12-19,4,print,[trace] extract_regular_prices start date=2025-12-19
2025-12-07T17:43:31.622813,4,1,2025-12-19,4,print,"Нашел кнопку возврата к выбору категорий и кликнул по ней, спим 3 секунды"
2025-12-07T17:43:34.625802,4,1,2025-12-19,4,print,[trace] find_categories start
2025-12-07T17:43:46.162812,4,1,2025-12-19,4,print,Выбрал 11 категорию из 34 найденных
2025-12-07T17:43:46.168184,4,1,2025-12-19,4,print,[trace] check_last_room start
2025-12-07T17:43:46.446980,4,1,2025-12-19,4,print,Переходим в категорию 11 из списка и спим 4 секунды
2025-12-07T17:43:50.459676,4,1,2025-12-19,4,print,[trace] extract_regular_prices start date=2025-12-19
2025-12-07T17:43:50.819292,4,1,2025-12-19,4,print,"Нашел кнопку возврата к выбору категорий и кликнул по ней, спим 3 секунды"
2025-12-07T17:43:53.827333,4,1,2025-12-19,4,print,[trace] find_categories start
2025-12-07T17:44:08.270013,4,1,2025-12-19,4,print,Выбрал 12 категорию из 34 найденных
2025-12-07T17:44:08.273254,4,1,2025-12-19,4,print,[trace] check_last_room start
2025-12-07T17:44:08.574604,4,1,2025-12-19,4,print,Переходим в категорию 12 из списка и спим 4 секунды
2025-12-07T17:44:12.579361,4,1,2025-12-19,4,print,[trace] extract_regular_prices start date=2025-12-19
2025-12-07T17:44:12.868278,4,1,2025-12-19,4,print,"Нашел кнопку возврата к выбору категорий и кликнул по ней, спим 3 секунды"
2025-12-07T17:44:15.871231,4,1,2025-12-19,4,print,[trace] find_categories start
2025-12-07T17:44:31.444161,4,1,2025-12-19,4,print,Выбрал 13 категорию из 34 найденных
2025-12-07T17:44:31.446513,4,1,2025-12-19,4,print,[trace] check_last_room start
2025-12-07T17:44:31.644810,4,1,2025-12-19,4,print,Переходим в категорию 13 из списка и спим 4 секунды
2025-12-07T17:44:35.648993,4,1,2025-12-19,4,print,[trace] extract_regular_prices start date=2025-12-19
2025-12-07T17:44:35.814445,4,1,2025-12-19,4,print,"Нашел кнопку возврата к выбору категорий и кликнул по ней, спим 3 секунды"
2025-12-07T17:44:38.818086,4,1,2025-12-19,4,print,[trace] find_categories start
2025-12-07T17:44:53.780100,4,1,2025-12-19,4,print,Выбрал 14 категорию из 34 найденных
2025-12-07T17:44:53.786354,4,1,2025-12-19,4,print,[trace] check_last_room start
2025-12-07T17:44:54.178598,4,1,2025-12-19,4,print,Переходим в категорию 14 из списка и спим 4 секунды
2025-12-07T17:44:58.183113,4,1,2025-12-19,4,print,[trace] extract_regular_prices start date=2025-12-19
2025-12-07T17:44:58.553090,4,1,2025-12-19,4,print,"Нашел кнопку возврата к выбору категорий и кликнул по ней, спим 3 секунды"
2025-12-07T17:45:01.561401,4,1,2025-12-19,4,print,[trace] find_categories start
2025-12-07T17:45:14.158165,4,1,2025-12-19,4,print,Выбрал 15 категорию из 34 найденных
2025-12-07T17:45:14.161168,4,1,2025-12-19,4,print,[trace] check_last_room start
2025-12-07T17:45:14.295317,4,1,2025-12-19,4,print,Переходим в категорию 15 из списка и спим 4 секунды
2025-12-07T17:45:18.298383,4,1,2025-12-19,4,print,[trace] extract_regular_prices start date=2025-12-19
2025-12-07T17:45:18.442474,4,1,2025-12-19,4,print,"Нашел кнопку возврата к выбору категорий и кликнул по ней, спим 3 секунды"
2025-12-07T17:45:21.444897,4,1,2025-12-19,4,print,[trace] find_categories start
2025-12-07T17:45:35.485846,4,1,2025-12-19,4,print,Выбрал 16 категорию из 34 найденных
2025-12-07T17:45:35.489192,4,1,2025-12-19,4,print,[trace] check_last_room start
2025-12-07T17:45:35.839676,4,1,2025-12-19,4,print,Переходим в категорию 16 из списка и спим 4 секунды
2025-12-07T17:45:39.844566,4,1,2025-12-19,4,print,[trace] extract_regular_prices start date=2025-12-19
2025-12-07T17:45:42.054522,4,1,2025-12-19,4,print,"Нашел кнопку возврата к выбору категорий и кликнул по ней, спим 3 секунды"
2025-12-07T17:45:45.058194,4,1,2025-12-19,4,print,[trace] find_categories start
2025-12-07T17:45:56.816891,4,1,2025-12-19,4,print,Выбрал 17 категорию из 34 найденных
2025-12-07T17:45:56.818982,4,1,2025-12-19,4,print,[trace] check_last_room start
2025-12-07T17:45:57.002204,4,1,2025-12-19,4,print,Переходим в категорию 17 из списка и спим 4 секунды
2025-12-07T17:46:01.003859,4,1,2025-12-19,4,print,[trace] extract_regular_prices start date=2025-12-19
2025-12-07T17:46:01.427402,4,1,2025-12-19,4,print,"Нашел кнопку возврата к выбору категорий и кликнул по ней, спим 3 секунды"
2025-12-07T17:46:04.431344,4,1,2025-12-19,4,print,[trace] find_categories start
2025-12-07T17:46:17.171627,4,1,2025-12-19,4,print,Выбрал 18 категорию из 34 найденных
2025-12-07T17:46:17.174907,4,1,2025-12-19,4,print,[trace] check_last_room start
2025-12-07T17:46:17.541824,4,1,2025-12-19,4,print,Переходим в категорию 18 из списка и спим 4 секунды
2025-12-07T17:46:21.545469,4,1,2025-12-19,4,print,[trace] extract_regular_prices start date=2025-12-19
2025-12-07T17:46:22.197705,4,1,2025-12-19,4,print,"Нашел кнопку возврата к выбору категорий и кликнул по ней, спим 3 секунды"
2025-12-07T17:46:25.203349,4,1,2025-12-19,4,print,[trace] find_categories start
2025-12-07T17:46:41.919628,4,1,2025-12-19,4,print,Выбрал 19 категорию из 34 найденных
2025-12-07T17:46:41.920634,4,1,2025-12-19,4,print,[trace] check_last_room start
2025-12-07T17:46:41.987261,4,1,2025-12-19,4,print,Переходим в категорию 19 из списка и спим 4 секунды
2025-12-07T17:46:45.988691,4,1,2025-12-19,4,print,[trace] extract_regular_prices start date=2025-12-19
2025-12-07T17:46:46.286793,4,1,2025-12-19,4,print,"Нашел кнопку возврата к выбору категорий и кликнул по ней, спим 3 секунды"
2025-12-07T17:46:49.291681,4,1,2025-12-19,4,print,[trace] find_categories start
2025-12-07T17:47:00.539491,4,1,2025-12-19,4,print,Выбрал 20 категорию из 34 найденных
2025-12-07T17:47:00.541493,4,1,2025-12-19,4,print,[trace] check_last_room start
2025-12-07T17:47:00.677042,4,1,2025-12-19,4,print,Переходим в категорию 20 из списка и спим 4 секунды
2025-12-07T17:47:04.682316,4,1,2025-12-19,4,print,[trace] extract_regular_prices start date=2025-12-19
2025-12-07T17:47:04.892065,4,1,2025-12-19,4,print,"Нашел кнопку возврата к выбору категорий и кликнул по ней, спим 3 секунды"
2025-12-07T17:47:07.893492,4,1,2025-12-19,4,print,[trace] find_categories start
2025-12-07T17:47:21.620505,4,1,2025-12-19,4,print,Выбрал 21 категорию из 34 найденных
2025-12-07T17:47:21.621509,4,1,2025-12-19,4,print,[trace] check_last_room start
2025-12-07T17:47:21.666468,4,1,2025-12-19,4,print,Переходим в категорию 21 из списка и спим 4 секунды
2025-12-07T17:47:25.668289,4,1,2025-12-19,4,print,[trace] extract_regular_prices start date=2025-12-19
2025-12-07T17:47:25.921891,4,1,2025-12-19,4,print,"Нашел кнопку возврата к выбору категорий и кликнул по ней, спим 3 секунды"
2025-12-07T17:47:28.924399,4,1,2025-12-19,4,print,[trace] find_categories start
2025-12-07T17:47:45.405585,4,1,2025-12-19,4,print,Выбрал 22 категорию из 34 найденных
2025-12-07T17:47:45.413142,4,1,2025-12-19,4,print,[trace] check_last_room start
2025-12-07T17:47:45.702507,4,1,2025-12-19,4,print,Переходим в категорию 22 из списка и спим 4 секунды
2025-12-07T17:47:49.705156,4,1,2025-12-19,4,print,[trace] extract_regular_prices start date=2025-12-19
2025-12-07T17:47:49.847602,4,1,2025-12-19,4,print,"Нашел кнопку возврата к выбору категорий и кликнул по ней, спим 3 секунды"
2025-12-07T17:47:52.849559,4,1,2025-12-19,4,print,[trace] find_categories start
2025-12-07T17:48:07.500781,4,1,2025-12-19,4,print,Выбрал 23 категорию из 34 найденных
2025-12-07T17:48:07.503307,4,1,2025-12-19,4,print,[trace] check_last_room start
2025-12-07T17:48:07.587722,4,1,2025-12-19,4,print,Переходим в категорию 23 из списка и спим 4 секунды
2025-12-07T17:48:11.589428,4,1,2025-12-19,4,print,[trace] extract_regular_prices start date=2025-12-19
2025-12-07T17:48:11.788881,4,1,2025-12-19,4,print,"Нашел кнопку возврата к выбору категорий и кликнул по ней, спим 3 секунды"
2025-12-07T17:48:14.792169,4,1,2025-12-19,4,print,[trace] find_categories start
2025-12-07T17:48:26.386457,4,1,2025-12-19,4,print,Выбрал 24 категорию из 34 найденных
2025-12-07T17:48:26.396462,4,1,2025-12-19,4,print,[trace] check_last_room start
2025-12-07T17:48:26.552069,4,1,2025-12-19,4,print,Переходим в категорию 24 из списка и спим 4 секунды
2025-12-07T17:48:30.556915,4,1,2025-12-19,4,print,[trace] extract_regular_prices start date=2025-12-19
2025-12-07T17:48:30.771689,4,1,2025-12-19,4,print,"Нашел кнопку возврата к выбору категорий и кликнул по ней, спим 3 секунды"
2025-12-07T17:48:33.774618,4,1,2025-12-19,4,print,[trace] find_categories start
2025-12-07T17:48:45.900283,4,1,2025-12-19,4,print,Выбрал 25 категорию из 34 найденных
2025-12-07T17:48:45.905285,4,1,2025-12-19,4,print,[trace] check_last_room start
2025-12-07T17:48:46.201980,4,1,2025-12-19,4,print,Переходим в категорию 25 из списка и спим 4 секунды
2025-12-07T17:48:50.205506,4,1,2025-12-19,4,print,[trace] extract_regular_prices start date=2025-12-19
2025-12-07T17:48:50.440091,4,1,2025-12-19,4,print,"Нашел кнопку возврата к выбору категорий и кликнул по ней, спим 3 секунды"
2025-12-07T17:48:53.447132,4,1,2025-12-19,4,print,[trace] find_categories start
2025-12-07T17:49:07.855040,4,1,2025-12-19,4,print,Выбрал 26 категорию из 34 найденных
2025-12-07T17:49:07.858367,4,1,2025-12-19,4,print,[trace] check_last_room start
2025-12-07T17:49:08.055915,4,1,2025-12-19,4,print,Переходим в категорию 26 из списка и спим 4 секунды
2025-12-07T17:49:12.061188,4,1,2025-12-19,4,print,[trace] extract_regular_prices start date=2025-12-19
2025-12-07T17:49:12.369343,4,1,2025-12-19,4,print,"Нашел кнопку возврата к выбору категорий и кликнул по ней, спим 3 секунды"
2025-12-07T17:49:15.385568,4,1,2025-12-19,4,print,[trace] find_categories start
2025-12-07T17:49:34.507759,4,1,2025-12-19,4,print,Выбрал 27 категорию из 34 найденных
2025-12-07T17:49:34.513792,4,1,2025-12-19,4,print,[trace] check_last_room start
2025-12-07T17:49:34.638327,4,1,2025-12-19,4,print,Переходим в категорию 27 из списка и спим 4 секунды
2025-12-07T17:49:38.641335,4,1,2025-12-19,4,print,[trace] extract_regular_prices start date=2025-12-19
2025-12-07T17:49:39.521383,4,1,2025-12-19,4,print,"Нашел кнопку возврата к выбору категорий и кликнул по ней, спим 3 секунды"
2025-12-07T17:49:42.528066,4,1,2025-12-19,4,print,[trace] find_categories start
2025-12-07T17:50:11.913515,4,1,2025-12-19,4,print,Выбрал 28 категорию из 34 найденных
2025-12-07T17:50:11.917952,4,1,2025-12-19,4,print,[trace] check_last_room start
2025-12-07T17:50:12.019553,4,1,2025-12-19,4,print,Переходим в категорию 28 из списка и спим 4 секунды
2025-12-07T17:50:16.057415,4,1,2025-12-19,4,print,[trace] extract_regular_prices start date=2025-12-19
2025-12-07T17:50:16.782957,4,1,2025-12-19,4,print,"Нашел кнопку возврата к выбору категорий и кликнул по ней, спим 3 секунды"
2025-12-07T17:50:19.786694,4,1,2025-12-19,4,print,[trace] find_categories start
2025-12-07T17:50:33.631996,4,1,2025-12-19,4,print,Выбрал 29 категорию из 34 найденных
2025-12-07T17:50:33.634470,4,1,2025-12-19,4,print,[trace] check_last_room start
2025-12-07T17:50:33.731369,4,1,2025-12-19,4,print,Переходим в категорию 29 из списка и спим 4 секунды
2025-12-07T17:50:37.734040,4,1,2025-12-19,4,print,[trace] extract_regular_prices start date=2025-12-19
2025-12-07T17:50:37.928658,4,1,2025-12-19,4,print,"Нашел кнопку возврата к выбору категорий и кликнул по ней, спим 3 секунды"
2025-12-07T17:50:40.931000,4,1,2025-12-19,4,print,[trace] find_categories start
2025-12-07T17:50:54.381827,4,1,2025-12-19,4,print,Выбрал 30 категорию из 34 найденных
2025-12-07T17:50:54.385925,4,1,2025-12-19,4,print,[trace] check_last_room start
2025-12-07T17:50:54.603874,4,1,2025-12-19,4,print,Переходим в категорию 30 из списка и спим 4 секунды
2025-12-07T17:50:58.608863,4,1,2025-12-19,4,print,[trace] extract_regular_prices start date=2025-12-19
2025-12-07T17:50:58.851697,4,1,2025-12-19,4,print,"Нашел кнопку возврата к выбору категорий и кликнул по ней, спим 3 секунды"
2025-12-07T17:51:01.853702,4,1,2025-12-19,4,print,[trace] find_categories start
2025-12-07T17:51:21.297890,4,1,2025-12-19,4,print,Выбрал 31 категорию из 34 найденных
2025-12-07T17:51:21.299945,4,1,2025-12-19,4,print,[trace] check_last_room start
2025-12-07T17:51:21.484790,4,1,2025-12-19,4,print,Переходим в категорию 31 из списка и спим 4 секунды
2025-12-07T17:51:25.487881,4,1,2025-12-19,4,print,[trace] extract_regular_prices start date=2025-12-19
2025-12-07T17:51:25.662907,4,1,2025-12-19,4,print,"Нашел кнопку возврата к выбору категорий и кликнул по ней, спим 3 секунды"
2025-12-07T17:51:28.683737,4,1,2025-12-19,4,print,[trace] find_categories start
2025-12-07T17:52:11.763906,4,1,2025-12-19,4,print,Выбрал 32 категорию из 34 найденных
2025-12-07T17:52:11.780079,4,1,2025-12-19,4,print,[trace] check_last_room start
2025-12-07T17:52:12.003289,4,1,2025-12-19,4,print,Переходим в категорию 32 из списка и спим 4 секунды
2025-12-07T17:52:16.013118,4,1,2025-12-19,4,print,[trace] extract_regular_prices start date=2025-12-19
2025-12-07T17:52:16.576592,4,1,2025-12-19,4,print,"Нашел кнопку возврата к выбору категорий и кликнул по ней, спим 3 секунды"
2025-12-07T17:52:19.580247,4,1,2025-12-19,4,print,[trace] find_categories start
2025-12-07T17:52:37.217277,4,1,2025-12-19,4,print,Выбрал 33 категорию из 34 найденных
2025-12-07T17:52:37.219359,4,1,2025-12-19,4,print,[trace] check_last_room start
2025-12-07T17:52:37.305245,4,1,2025-12-19,4,print,Переходим в категорию 33 из списка и спим 4 секунды
2025-12-07T17:52:41.312254,4,1,2025-12-19,4,print,[trace] extract_regular_prices start date=2025-12-19
2025-12-07T17:52:41.726375,4,1,2025-12-19,4,print,"Нашел кнопку возврата к выбору категорий и кликнул по ней, спим 3 секунды"
2025-12-07T17:52:44.729317,4,1,2025-12-19,4,print,[trace] find_categories start
2025-12-07T17:52:59.278672,4,1,2025-12-19,4,print,Выбрал 34 категорию из 34 найденных
2025-12-07T17:52:59.281249,4,1,2025-12-19,4,print,[trace] check_last_room start
2025-12-07T17:52:59.359944,4,1,2025-12-19,4,print,Переходим в категорию 34 из списка и спим 4 секунды
2025-12-07T17:53:03.361538,4,1,2025-12-19,4,print,[trace] extract_regular_prices start date=2025-12-19
2025-12-07T17:53:03.857057,4,1,2025-12-19,4,print,"Нашел кнопку возврата к выбору категорий и кликнул по ней, спим 3 секунды"
2025-12-07T17:53:06.861954,4,1,2025-12-19,4,print,[trace] find_categories start
2025-12-07T17:53:20.670339,4,1,2025-12-19,4,print,[trace] save_regular_prices start count=34
2025-12-07T17:53:20.983164,4,1,2025-12-19,4,print,[parser-4] progress 1/4 (25%)
2025-12-07T17:53:20.986168,4,1,2025-12-19,4,print,[trace] parse_period processing date=2025-12-20
2025-12-07T17:53:20.992172,4,1,2025-12-19,4,print,[trace] get_regular_prices_for_date start dt=2025-12-20
2025-12-07T17:53:20.996408,4,1,2025-12-19,4,print,[trace] switch_dates start for date=2025-12-20
2025-12-07T17:53:21.062710,4,1,2025-12-19,4,print,"Нашел элемент ""input_date"""
2025-12-07T17:53:21.110391,4,1,2025-12-19,4,print,"Нашел элемент ""input_btn"""
2025-12-07T17:53:21.164075,4,1,2025-12-19,4,print,"Проскроллил к ""input_btn"""
2025-12-07T17:53:21.246671,4,1,2025-12-19,4,print,"Кликнул на ""input_btn"""
2025-12-07T17:53:21.386537,4,1,2025-12-19,4,print,"Нашел рамку выбора дат ""x-modal__container"""
2025-12-07T17:53:24.391580,4,1,2025-12-19,4,print,[trace] find_dates start
2025-12-07T17:53:33.009071,4,1,2025-12-19,4,print,Нашел список дат для выбора
2025-12-07T17:53:38.080935,4,1,2025-12-19,4,print,"[trace] find_date_btn start dt=2025-12-20, procedure=arrival"
2025-12-07T17:53:41.280656,4,1,2025-12-19,4,print,Кликнул по кнопке заезда
2025-12-07T17:53:41.283972,4,1,2025-12-19,4,print,"[trace] find_date_btn start dt=2025-12-20, procedure=checkout"
2025-12-07T17:53:45.259396,4,1,2025-12-19,4,print,Кликнул по кнопке выезда
2025-12-07T17:53:49.267773,4,1,2025-12-19,4,print,[trace] find_categories start
2025-12-07T17:54:17.612925,4,1,2025-12-19,4,print,На 20.12.2025 найдено: 26 доступных категорий
2025-12-07T17:54:20.766597,4,1,2025-12-19,4,print,Выбрал 1 категорию из 26 найденных
2025-12-07T17:54:20.775702,4,1,2025-12-19,4,print,[trace] check_last_room start
2025-12-07T17:54:21.175865,4,1,2025-12-19,4,print,Переходим в категорию 1 из списка и спим 4 секунды
2025-12-07T17:54:25.182787,4,1,2025-12-19,4,print,[trace] extract_regular_prices start date=2025-12-20
2025-12-07T17:54:26.252564,4,1,2025-12-19,4,print,"Нашел кнопку возврата к выбору категорий и кликнул по ней, спим 3 секунды"
2025-12-07T17:54:29.294846,4,1,2025-12-19,4,print,[trace] find_categories start
2025-12-07T17:54:50.210570,4,1,2025-12-19,4,print,Выбрал 2 категорию из 26 найденных
2025-12-07T17:54:50.222357,4,1,2025-12-19,4,print,[trace] check_last_room start
2025-12-07T17:54:50.817202,4,1,2025-12-19,4,print,Переходим в категорию 2 из списка и спим 4 секунды
2025-12-07T17:54:54.878102,4,1,2025-12-19,4,print,[trace] extract_regular_prices start date=2025-12-20
2025-12-07T17:54:56.178655,4,1,2025-12-19,4,print,"Нашел кнопку возврата к выбору категорий и кликнул по ней, спим 3 секунды"
2025-12-07T17:54:59.243281,4,1,2025-12-19,4,print,[trace] find_categories start
2025-12-07T17:55:23.405518,4,1,2025-12-19,4,print,Выбрал 3 категорию из 26 найденных
2025-12-07T17:55:23.414732,4,1,2025-12-19,4,print,[trace] check_last_room start
2025-12-07T17:55:23.906878,4,1,2025-12-19,4,print,Переходим в категорию 3 из списка и спим 4 секунды
2025-12-07T17:55:27.914203,4,1,2025-12-19,4,print,[trace] extract_regular_prices start date=2025-12-20
2025-12-07T17:55:29.741238,4,1,2025-12-19,4,print,"Нашел кнопку возврата к выбору категорий и кликнул по ней, спим 3 секунды"
2025-12-07T17:55:32.758203,4,1,2025-12-19,4,print,[trace] find_categories start
2025-12-07T17:56:05.929893,4,1,2025-12-19,4,print,Выбрал 4 категорию из 26 найденных
2025-12-07T17:56:05.976770,4,1,2025-12-19,4,print,[trace] check_last_room start
2025-12-07T17:56:06.314900,4,1,2025-12-19,4,print,Переходим в категорию 4 из списка и спим 4 секунды
2025-12-07T17:56:10.340402,4,1,2025-12-19,4,print,[trace] extract_regular_prices start date=2025-12-20
2025-12-07T17:56:11.374788,4,1,2025-12-19,4,print,"Нашел кнопку возврата к выбору категорий и кликнул по ней, спим 3 секунды"
2025-12-07T17:56:14.382279,4,1,2025-12-19,4,print,[trace] find_categories start
2025-12-07T17:56:42.160268,4,1,2025-12-19,4,print,Выбрал 5 категорию из 26 найденных
2025-12-07T17:56:42.189065,4,1,2025-12-19,4,print,[trace] check_last_room start
2025-12-07T17:56:42.494219,4,1,2025-12-19,4,print,Переходим в категорию 5 из списка и спим 4 секунды
2025-12-07T17:56:46.501522,4,1,2025-12-19,4,print,[trace] extract_regular_prices start date=2025-12-20
2025-12-07T17:56:47.175867,4,1,2025-12-19,4,print,"Нашел кнопку возврата к выбору категорий и кликнул по ней, спим 3 секунды"
2025-12-07T17:56:50.191874,4,1,2025-12-19,4,print,[trace] find_categories start
2025-12-07T17:57:05.513443,4,1,2025-12-19,4,print,Выбрал 6 категорию из 26 найденных
2025-12-07T17:57:05.528452,4,1,2025-12-19,4,print,[trace] check_last_room start
2025-12-07T17:57:06.143315,4,1,2025-12-19,4,print,Переходим в категорию 6 из списка и спим 4 секунды
2025-12-07T17:57:10.275925,4,1,2025-12-19,4,print,[trace] extract_regular_prices start date=2025-12-20
2025-12-07T17:57:12.346679,4,1,2025-12-19,4,print,"Нашел кнопку возврата к выбору категорий и кликнул по ней, спим 3 секунды"
2025-12-07T17:57:15.355064,4,1,2025-12-19,4,print,[trace] find_categories start
2025-12-07T17:57:44.437798,4,1,2025-12-19,4,print,Выбрал 7 категорию из 26 найденных
2025-12-07T17:57:44.500875,4,1,2025-12-19,4,print,[trace] check_last_room start
2025-12-07T17:57:45.016540,4,1,2025-12-19,4,print,Переходим в категорию 7 из списка и спим 4 секунды
2025-12-07T17:57:49.026620,4,1,2025-12-19,4,print,[trace] extract_regular_prices start date=2025-12-20
2025-12-07T17:57:49.767540,4,1,2025-12-19,4,print,"Нашел кнопку возврата к выбору категорий и кликнул по ней, спим 3 секунды"
2025-12-07T17:57:52.771870,4,1,2025-12-19,4,print,[trace] find_categories start
2025-12-07T17:58:26.334117,4,1,2025-12-19,4,print,Выбрал 8 категорию из 26 найденных
2025-12-07T17:58:26.345125,4,1,2025-12-19,4,print,[trace] check_last_room start
2025-12-07T17:58:26.569979,4,1,2025-12-19,4,print,Переходим в категорию 8 из списка и спим 4 секунды
2025-12-07T17:58:30.611991,4,1,2025-12-19,4,print,[trace] extract_regular_prices start date=2025-12-20
2025-12-07T17:58:30.953875,4,1,2025-12-19,4,print,"Нашел кнопку возврата к выбору категорий и кликнул по ней, спим 3 секунды"
2025-12-07T17:58:33.957467,4,1,2025-12-19,4,print,[trace] find_categories start
2025-12-07T17:59:03.536298,4,1,2025-12-19,4,print,Выбрал 9 категорию из 26 найденных
2025-12-07T17:59:03.553907,4,1,2025-12-19,4,print,[trace] check_last_room start
2025-12-07T17:59:03.726267,4,1,2025-12-19,4,print,Переходим в категорию 9 из списка и спим 4 секунды
2025-12-07T17:59:07.756932,4,1,2025-12-19,4,print,[trace] extract_regular_prices start date=2025-12-20
2025-12-07T17:59:08.671131,4,1,2025-12-19,4,print,"Нашел кнопку возврата к выбору категорий и кликнул по ней, спим 3 секунды"
2025-12-07T17:59:11.678436,4,1,2025-12-19,4,print,[trace] find_categories start
2025-12-07T17:59:38.137695,4,1,2025-12-19,4,print,Выбрал 10 категорию из 26 найденных
2025-12-07T17:59:38.156968,4,1,2025-12-19,4,print,[trace] check_last_room start
2025-12-07T17:59:38.640907,4,1,2025-12-19,4,print,Переходим в категорию 10 из списка и спим 4 секунды
2025-12-07T17:59:42.650323,4,1,2025-12-19,4,print,[trace] extract_regular_prices start date=2025-12-20
2025-12-07T17:59:43.293947,4,1,2025-12-19,4,print,"Нашел кнопку возврата к выбору категорий и кликнул по ней, спим 3 секунды"
2025-12-07T17:59:46.307840,4,1,2025-12-19,4,print,[trace] find_categories start
2025-12-07T18:00:24.087420,4,1,2025-12-19,4,print,Выбрал 11 категорию из 26 найденных
2025-12-07T18:00:24.101419,4,1,2025-12-19,4,print,[trace] check_last_room start
2025-12-07T18:00:24.798741,4,1,2025-12-19,4,print,Переходим в категорию 11 из списка и спим 4 секунды
2025-12-07T18:00:28.805350,4,1,2025-12-19,4,print,[trace] extract_regular_prices start date=2025-12-20
2025-12-07T18:00:29.329353,4,1,2025-12-19,4,print,"Нашел кнопку возврата к выбору категорий и кликнул по ней, спим 3 секунды"
2025-12-07T18:00:32.333568,4,1,2025-12-19,4,print,[trace] find_categories start
2025-12-07T18:01:00.912551,4,1,2025-12-19,4,print,Выбрал 12 категорию из 26 найденных
2025-12-07T18:01:00.950920,4,1,2025-12-19,4,print,[trace] check_last_room start
2025-12-07T18:01:01.519070,4,1,2025-12-19,4,print,Переходим в категорию 12 из списка и спим 4 секунды
2025-12-07T18:01:05.756704,4,1,2025-12-19,4,print,[trace] extract_regular_prices start date=2025-12-20
2025-12-07T18:01:07.647021,4,1,2025-12-19,4,print,"Нашел кнопку возврата к выбору категорий и кликнул по ней, спим 3 секунды"
2025-12-07T18:01:10.689965,4,1,2025-12-19,4,print,[trace] find_categories start
2025-12-07T18:01:38.861754,4,1,2025-12-19,4,print,Выбрал 13 категорию из 26 найденных
2025-12-07T18:01:38.935090,4,1,2025-12-19,4,print,[trace] check_last_room start
2025-12-07T18:01:39.824701,4,1,2025-12-19,4,print,Переходим в категорию 13 из списка и спим 4 секунды
2025-12-07T18:01:43.850125,4,1,2025-12-19,4,print,[trace] extract_regular_prices start date=2025-12-20
2025-12-07T18:01:44.956814,4,1,2025-12-19,4,print,"Нашел кнопку возврата к выбору категорий и кликнул по ней, спим 3 секунды"
2025-12-07T18:01:48.015002,4,1,2025-12-19,4,print,[trace] find_categories start
2025-12-07T18:02:30.068704,4,1,2025-12-19,4,print,Выбрал 14 категорию из 26 найденных
2025-12-07T18:02:30.103585,4,1,2025-12-19,4,print,[trace] check_last_room start
2025-12-07T18:02:31.200207,4,1,2025-12-19,4,print,Переходим в категорию 14 из списка и спим 4 секунды
2025-12-07T18:02:35.267326,4,1,2025-12-19,4,print,[trace] extract_regular_prices start date=2025-12-20
2025-12-07T18:02:38.736354,4,1,2025-12-19,4,print,"Нашел кнопку возврата к выбору категорий и кликнул по ней, спим 3 секунды"
2025-12-07T18:02:41.742255,4,1,2025-12-19,4,print,[trace] find_categories start
2025-12-07T18:03:01.296572,4,1,2025-12-19,4,print,"[trace] категория 15 пока не появилась, пробуем снова (1/4)"
2025-12-07T18:03:05.320360,4,1,2025-12-19,4,print,[trace] find_categories start
2025-12-07T18:03:35.499284,4,1,2025-12-19,4,print,Выбрал 15 категорию из 26 найденных
2025-12-07T18:03:35.518447,4,1,2025-12-19,4,print,[trace] check_last_room start
2025-12-07T18:03:36.177515,4,1,2025-12-19,4,print,Переходим в категорию 15 из списка и спим 4 секунды
2025-12-07T18:03:40.247019,4,1,2025-12-19,4,print,[trace] extract_regular_prices start date=2025-12-20
2025-12-07T18:03:41.468208,4,1,2025-12-19,4,print,"Нашел кнопку возврата к выбору категорий и кликнул по ней, спим 3 секунды"
2025-12-07T18:03:44.472990,4,1,2025-12-19,4,print,[trace] find_categories start
2025-12-07T18:04:32.704861,4,1,2025-12-19,4,print,Выбрал 16 категорию из 26 найденных
2025-12-07T18:04:32.727812,4,1,2025-12-19,4,print,[trace] check_last_room start
2025-12-07T18:04:33.031442,4,1,2025-12-19,4,print,Переходим в категорию 16 из списка и спим 4 секунды
2025-12-07T18:04:37.037610,4,1,2025-12-19,4,print,[trace] extract_regular_prices start date=2025-12-20
2025-12-07T18:04:37.501000,4,1,2025-12-19,4,print,"Нашел кнопку возврата к выбору категорий и кликнул по ней, спим 3 секунды"
2025-12-07T18:04:40.505721,4,1,2025-12-19,4,print,[trace] find_categories start
2025-12-07T18:05:11.453916,4,1,2025-12-19,4,print,Выбрал 17 категорию из 26 найденных
2025-12-07T18:05:11.525210,4,1,2025-12-19,4,print,[trace] check_last_room start
2025-12-07T18:05:12.111458,4,1,2025-12-19,4,print,Переходим в категорию 17 из списка и спим 4 секунды
2025-12-07T18:05:16.141006,4,1,2025-12-19,4,print,[trace] extract_regular_prices start date=2025-12-20
2025-12-07T18:05:16.530398,4,1,2025-12-19,4,print,"Нашел кнопку возврата к выбору категорий и кликнул по ней, спим 3 секунды"
2025-12-07T18:05:19.533304,4,1,2025-12-19,4,print,[trace] find_categories start
2025-12-07T18:05:43.389803,4,1,2025-12-19,4,print,Выбрал 18 категорию из 26 найденных
2025-12-07T18:05:43.411822,4,1,2025-12-19,4,print,[trace] check_last_room start
2025-12-07T18:05:44.103900,4,1,2025-12-19,4,print,Переходим в категорию 18 из списка и спим 4 секунды
2025-12-07T18:05:48.143415,4,1,2025-12-19,4,print,[trace] extract_regular_prices start date=2025-12-20
2025-12-07T18:05:49.262883,4,1,2025-12-19,4,print,"Нашел кнопку возврата к выбору категорий и кликнул по ней, спим 3 секунды"
2025-12-07T18:05:52.267339,4,1,2025-12-19,4,print,[trace] find_categories start
2025-12-07T18:06:45.711389,4,1,2025-12-19,4,print,Выбрал 19 категорию из 26 найденных
2025-12-07T18:06:45.721946,4,1,2025-12-19,4,print,[trace] check_last_room start
2025-12-07T18:06:45.908728,4,1,2025-12-19,4,print,Переходим в категорию 19 из списка и спим 4 секунды
2025-12-07T18:06:49.913916,4,1,2025-12-19,4,print,[trace] extract_regular_prices start date=2025-12-20
2025-12-07T18:06:50.465818,4,1,2025-12-19,4,print,"Нашел кнопку возврата к выбору категорий и кликнул по ней, спим 3 секунды"
2025-12-07T18:06:53.473340,4,1,2025-12-19,4,print,[trace] find_categories start
2025-12-07T18:07:20.559815,4,1,2025-12-19,4,print,Выбрал 20 категорию из 26 найденных
2025-12-07T18:07:20.578927,4,1,2025-12-19,4,print,[trace] check_last_room start
2025-12-07T18:07:20.936253,4,1,2025-12-19,4,print,Переходим в категорию 20 из списка и спим 4 секунды
2025-12-07T18:07:25.059054,4,1,2025-12-19,4,print,[trace] extract_regular_prices start date=2025-12-20
2025-12-07T18:07:29.680388,4,1,2025-12-19,4,print,"Нашел кнопку возврата к выбору категорий и кликнул по ней, спим 3 секунды"
2025-12-07T18:07:32.879007,4,1,2025-12-19,4,print,[trace] find_categories start
2025-12-07T18:07:49.565009,4,1,2025-12-19,4,print,"[trace] категория 21 пока не появилась, пробуем снова (1/4)"
2025-12-07T18:07:53.800954,4,1,2025-12-19,4,print,[trace] find_categories start
2025-12-07T18:08:11.356098,4,1,2025-12-19,4,print,Выбрал 21 категорию из 26 найденных
2025-12-07T18:08:11.422247,4,1,2025-12-19,4,print,[trace] check_last_room start
2025-12-07T18:08:11.789264,4,1,2025-12-19,4,print,Переходим в категорию 21 из списка и спим 4 секунды
2025-12-07T18:08:15.897885,4,1,2025-12-19,4,print,[trace] extract_regular_prices start date=2025-12-20
2025-12-07T18:08:19.497670,4,1,2025-12-19,4,print,"Нашел кнопку возврата к выбору категорий и кликнул по ней, спим 3 секунды"
2025-12-07T18:08:22.513402,4,1,2025-12-19,4,print,[trace] find_categories start
2025-12-07T18:08:56.530802,4,1,2025-12-19,4,print,Выбрал 22 категорию из 26 найденных
2025-12-07T18:08:56.562819,4,1,2025-12-19,4,print,[trace] check_last_room start
2025-12-07T18:08:57.496867,4,1,2025-12-19,4,print,Переходим в категорию 22 из списка и спим 4 секунды
2025-12-07T18:09:01.563599,4,1,2025-12-19,4,print,[trace] extract_regular_prices start date=2025-12-20
2025-12-07T18:09:08.176167,4,1,2025-12-19,4,print,"Нашел кнопку возврата к выбору категорий и кликнул по ней, спим 3 секунды"
2025-12-07T18:09:11.264861,4,1,2025-12-19,4,print,[trace] find_categories start
2025-12-07T18:09:23.694192,4,1,2025-12-19,4,print,"[trace] категория 23 пока не появилась, пробуем снова (1/4)"
2025-12-07T18:09:27.737463,4,1,2025-12-19,4,print,[trace] find_categories start
2025-12-07T18:09:59.668815,4,1,2025-12-19,4,print,Выбрал 23 категорию из 26 найденных
2025-12-07T18:09:59.767806,4,1,2025-12-19,4,print,[trace] check_last_room start
2025-12-07T18:10:00.522829,4,1,2025-12-19,4,print,Переходим в категорию 23 из списка и спим 4 секунды
2025-12-07T18:10:04.589579,4,1,2025-12-19,4,print,[trace] extract_regular_prices start date=2025-12-20
2025-12-07T18:10:05.788733,4,1,2025-12-19,4,print,"Нашел кнопку возврата к выбору категорий и кликнул по ней, спим 3 секунды"
2025-12-07T18:10:08.855002,4,1,2025-12-19,4,print,[trace] find_categories start
2025-12-07T18:10:38.854142,4,1,2025-12-19,4,print,Выбрал 24 категорию из 26 найденных
2025-12-07T18:10:39.208568,4,1,2025-12-19,4,print,[trace] check_last_room start
2025-12-07T18:10:39.450175,4,1,2025-12-19,4,print,Переходим в категорию 24 из списка и спим 4 секунды
2025-12-07T18:10:43.456132,4,1,2025-12-19,4,print,[trace] extract_regular_prices start date=2025-12-20
2025-12-07T18:10:45.453932,4,1,2025-12-19,4,print,"Нашел кнопку возврата к выбору категорий и кликнул по ней, спим 3 секунды"
2025-12-07T18:10:48.462244,4,1,2025-12-19,4,print,[trace] find_categories start
2025-12-07T18:11:24.855202,4,1,2025-12-19,4,print,Выбрал 25 категорию из 26 найденных
2025-12-07T18:11:24.862366,4,1,2025-12-19,4,print,[trace] check_last_room start
2025-12-07T18:11:24.972542,4,1,2025-12-19,4,print,Переходим в категорию 25 из списка и спим 4 секунды
2025-12-07T18:11:29.125076,4,1,2025-12-19,4,print,[trace] extract_regular_prices start date=2025-12-20
2025-12-07T18:11:35.000281,4,1,2025-12-19,4,print,"Нашел кнопку возврата к выбору категорий и кликнул по ней, спим 3 секунды"
2025-12-07T18:11:38.017893,4,1,2025-12-19,4,print,[trace] find_categories start
2025-12-07T18:11:58.808322,4,1,2025-12-19,4,print,Выбрал 26 категорию из 26 найденных
2025-12-07T18:11:58.838281,4,1,2025-12-19,4,print,[trace] check_last_room start
2025-12-07T18:11:59.065609,4,1,2025-12-19,4,print,Переходим в категорию 26 из списка и спим 4 секунды
2025-12-07T18:12:03.075835,4,1,2025-12-19,4,print,[trace] extract_regular_prices start date=2025-12-20
2025-12-07T18:12:03.910440,4,1,2025-12-19,4,print,"Нашел кнопку возврата к выбору категорий и кликнул по ней, спим 3 секунды"
2025-12-07T18:12:06.951489,4,1,2025-12-19,4,print,[trace] find_categories start
2025-12-07T18:12:35.956801,4,1,2025-12-19,4,print,[trace] save_regular_prices start count=26
2025-12-07T18:12:36.247676,4,1,2025-12-19,4,print,[parser-4] progress 2/4 (50%)
2025-12-07T18:12:36.251959,4,1,2025-12-19,4,print,[trace] parse_period processing date=2025-12-21
2025-12-07T18:12:36.253985,4,1,2025-12-19,4,print,[trace] get_regular_prices_for_date start dt=2025-12-21
2025-12-07T18:12:36.256034,4,1,2025-12-19,4,print,[trace] switch_dates start for date=2025-12-21
2025-12-07T18:12:36.348089,4,1,2025-12-19,4,print,"Нашел элемент ""input_date"""
2025-12-07T18:12:36.453747,4,1,2025-12-19,4,print,"Нашел элемент ""input_btn"""
2025-12-07T18:12:36.531323,4,1,2025-12-19,4,print,"Проскроллил к ""input_btn"""
2025-12-07T18:12:36.684621,4,1,2025-12-19,4,print,"Кликнул на ""input_btn"""
2025-12-07T18:12:37.687969,4,1,2025-12-19,4,print,"Нашел рамку выбора дат ""x-modal__container"""
2025-12-07T18:12:40.749038,4,1,2025-12-19,4,print,[trace] find_dates start
2025-12-07T18:13:05.403219,4,1,2025-12-19,4,print,Нашел список дат для выбора
2025-12-07T18:13:10.942286,4,1,2025-12-19,4,print,"[trace] find_date_btn start dt=2025-12-21, procedure=arrival"
2025-12-07T18:13:19.480963,4,1,2025-12-19,4,print,Кликнул по кнопке заезда
2025-12-07T18:13:19.492272,4,1,2025-12-19,4,print,"[trace] find_date_btn start dt=2025-12-21, procedure=checkout"
2025-12-07T18:13:22.167828,4,1,2025-12-19,4,print,Кликнул по кнопке выезда
2025-12-07T18:13:26.174378,4,1,2025-12-19,4,print,[trace] find_categories start
2025-12-07T18:14:02.600708,4,1,2025-12-19,4,print,На 21.12.2025 найдено: 31 доступных категорий
2025-12-07T18:14:06.346895,4,1,2025-12-19,4,print,Выбрал 1 категорию из 31 найденных
2025-12-07T18:14:06.365430,4,1,2025-12-19,4,print,[trace] check_last_room start
2025-12-07T18:14:09.168924,4,1,2025-12-19,4,print,Переходим в категорию 1 из списка и спим 4 секунды
2025-12-07T18:14:13.196233,4,1,2025-12-19,4,print,[trace] extract_regular_prices start date=2025-12-21
2025-12-07T18:14:14.829317,4,1,2025-12-19,4,print,"Нашел кнопку возврата к выбору категорий и кликнул по ней, спим 3 секунды"
2025-12-07T18:14:17.835801,4,1,2025-12-19,4,print,[trace] find_categories start
2025-12-07T18:15:11.952854,4,1,2025-12-19,4,print,Выбрал 2 категорию из 31 найденных
2025-12-07T18:15:12.271434,4,1,2025-12-19,4,print,[trace] check_last_room start
2025-12-07T18:15:13.843366,4,1,2025-12-19,4,print,Переходим в категорию 2 из списка и спим 4 секунды
2025-12-07T18:15:17.929779,4,1,2025-12-19,4,print,[trace] extract_regular_prices start date=2025-12-21
2025-12-07T18:15:33.679704,4,1,2025-12-19,4,print,"Нашел кнопку возврата к выбору категорий и кликнул по ней, спим 3 секунды"
2025-12-07T18:15:36.684534,4,1,2025-12-19,4,print,[trace] find_categories start
2025-12-07T18:16:37.306416,4,1,2025-12-19,4,print,Выбрал 3 категорию из 31 найденных
2025-12-07T18:16:37.398592,4,1,2025-12-19,4,print,[trace] check_last_room start
2025-12-07T18:16:38.209767,4,1,2025-12-19,4,print,Переходим в категорию 3 из списка и спим 4 секунды
2025-12-07T18:16:42.230449,4,1,2025-12-19,4,print,[trace] extract_regular_prices start date=2025-12-21
2025-12-07T18:16:44.445563,4,1,2025-12-19,4,print,"Нашел кнопку возврата к выбору категорий и кликнул по ней, спим 3 секунды"
2025-12-07T18:16:47.449731,4,1,2025-12-19,4,print,[trace] find_categories start
2025-12-07T18:17:26.941635,4,1,2025-12-19,4,print,Выбрал 4 категорию из 31 найденных
2025-12-07T18:17:26.949083,4,1,2025-12-19,4,print,[trace] check_last_room start
2025-12-07T18:17:27.091471,4,1,2025-12-19,4,print,Переходим в категорию 4 из списка и спим 4 секунды
2025-12-07T18:17:31.094268,4,1,2025-12-19,4,print,[trace] extract_regular_prices start date=2025-12-21
2025-12-07T18:17:31.331349,4,1,2025-12-19,4,print,"Нашел кнопку возврата к выбору категорий и кликнул по ней, спим 3 секунды"
2025-12-07T18:17:34.335398,4,1,2025-12-19,4,print,[trace] find_categories start
2025-12-07T18:17:55.913923,4,1,2025-12-19,4,print,Выбрал 5 категорию из 31 найденных
2025-12-07T18:17:55.966735,4,1,2025-12-19,4,print,[trace] check_last_room start
2025-12-07T18:17:56.181294,4,1,2025-12-19,4,print,Переходим в категорию 5 из списка и спим 4 секунды
2025-12-07T18:18:00.184769,4,1,2025-12-19,4,print,[trace] extract_regular_prices start date=2025-12-21
2025-12-07T18:18:00.353681,4,1,2025-12-19,4,print,"Нашел кнопку возврата к выбору категорий и кликнул по ней, спим 3 секунды"
2025-12-07T18:18:03.358295,4,1,2025-12-19,4,print,[trace] find_categories start
2025-12-07T18:18:13.143130,4,1,2025-12-19,4,print,Выбрал 6 категорию из 31 найденных
2025-12-07T18:18:13.146132,4,1,2025-12-19,4,print,[trace] check_last_room start
2025-12-07T18:18:13.282053,4,1,2025-12-19,4,print,Переходим в категорию 6 из списка и спим 4 секунды
2025-12-07T18:18:17.492964,4,1,2025-12-19,4,print,[trace] extract_regular_prices start date=2025-12-21
2025-12-07T18:18:22.432323,4,1,2025-12-19,4,print,"Нашел кнопку возврата к выбору категорий и кликнул по ней, спим 3 секунды"
2025-12-07T18:18:25.440668,4,1,2025-12-19,4,print,[trace] find_categories start
2025-12-07T18:18:40.046364,4,1,2025-12-19,4,print,Выбрал 7 категорию из 31 найденных
2025-12-07T18:18:40.055369,4,1,2025-12-19,4,print,[trace] check_last_room start
2025-12-07T18:18:40.218439,4,1,2025-12-19,4,print,Переходим в категорию 7 из списка и спим 4 секунды
2025-12-07T18:18:44.222505,4,1,2025-12-19,4,print,[trace] extract_regular_prices start date=2025-12-21
2025-12-07T18:18:44.842022,4,1,2025-12-19,4,print,"Нашел кнопку возврата к выбору категорий и кликнул по ней, спим 3 секунды"
2025-12-07T18:18:47.845482,4,1,2025-12-19,4,print,[trace] find_categories start
2025-12-07T18:19:06.209894,4,1,2025-12-19,4,print,Выбрал 8 категорию из 31 найденных
2025-12-07T18:19:06.365071,4,1,2025-12-19,4,print,[trace] check_last_room start
2025-12-07T18:19:06.869232,4,1,2025-12-19,4,print,Переходим в категорию 8 из списка и спим 4 секунды
2025-12-07T18:19:11.029654,4,1,2025-12-19,4,print,[trace] extract_regular_prices start date=2025-12-21
2025-12-07T18:19:12.806631,4,1,2025-12-19,4,print,"Нашел кнопку возврата к выбору категорий и кликнул по ней, спим 3 секунды"
2025-12-07T18:19:15.812479,4,1,2025-12-19,4,print,[trace] find_categories start
2025-12-07T18:19:37.101066,4,1,2025-12-19,4,print,Выбрал 9 категорию из 31 найденных
2025-12-07T18:19:37.107668,4,1,2025-12-19,4,print,[trace] check_last_room start
2025-12-07T18:19:37.209205,4,1,2025-12-19,4,print,Переходим в категорию 9 из списка и спим 4 секунды
2025-12-07T18:19:41.212680,4,1,2025-12-19,4,print,[trace] extract_regular_prices start date=2025-12-21
2025-12-07T18:19:41.755242,4,1,2025-12-19,4,print,"Нашел кнопку возврата к выбору категорий и кликнул по ней, спим 3 секунды"
2025-12-07T18:19:44.758613,4,1,2025-12-19,4,print,[trace] find_categories start
2025-12-07T18:19:55.002383,4,1,2025-12-19,4,print,Выбрал 10 категорию из 31 найденных
2025-12-07T18:19:55.007383,4,1,2025-12-19,4,print,[trace] check_last_room start
2025-12-07T18:19:55.215277,4,1,2025-12-19,4,print,Переходим в категорию 10 из списка и спим 4 секунды
2025-12-07T18:19:59.221630,4,1,2025-12-19,4,print,[trace] extract_regular_prices start date=2025-12-21
2025-12-07T18:19:59.572698,4,1,2025-12-19,4,print,"Нашел кнопку возврата к выбору категорий и кликнул по ней, спим 3 секунды"
2025-12-07T18:20:02.577511,4,1,2025-12-19,4,print,[trace] find_categories start
2025-12-07T18:20:19.644140,4,1,2025-12-19,4,print,Выбрал 11 категорию из 31 найденных
2025-12-07T18:20:19.654503,4,1,2025-12-19,4,print,[trace] check_last_room start
2025-12-07T18:20:19.989718,4,1,2025-12-19,4,print,Переходим в категорию 11 из списка и спим 4 секунды
2025-12-07T18:20:23.994511,4,1,2025-12-19,4,print,[trace] extract_regular_prices start date=2025-12-21
2025-12-07T18:20:24.926946,4,1,2025-12-19,4,print,"Нашел кнопку возврата к выбору категорий и кликнул по ней, спим 3 секунды"
2025-12-07T18:20:27.931501,4,1,2025-12-19,4,print,[trace] find_categories start
2025-12-07T18:20:49.338121,4,1,2025-12-19,4,print,Выбрал 12 категорию из 31 найденных
2025-12-07T18:20:49.349664,4,1,2025-12-19,4,print,[trace] check_last_room start
2025-12-07T18:20:49.611891,4,1,2025-12-19,4,print,Переходим в категорию 12 из списка и спим 4 секунды
2025-12-07T18:20:53.616417,4,1,2025-12-19,4,print,[trace] extract_regular_prices start date=2025-12-21
2025-12-07T18:20:54.144215,4,1,2025-12-19,4,print,"Нашел кнопку возврата к выбору категорий и кликнул по ней, спим 3 секунды"
2025-12-07T18:20:57.150769,4,1,2025-12-19,4,print,[trace] find_categories start
2025-12-07T18:21:15.772770,4,1,2025-12-19,4,print,Выбрал 13 категорию из 31 найденных
2025-12-07T18:21:15.787311,4,1,2025-12-19,4,print,[trace] check_last_room start
2025-12-07T18:21:16.562339,4,1,2025-12-19,4,print,Переходим в категорию 13 из списка и спим 4 секунды
2025-12-07T18:21:20.564292,4,1,2025-12-19,4,print,[trace] extract_regular_prices start date=2025-12-21
2025-12-07T18:21:23.573767,4,1,2025-12-19,4,print,"Нашел кнопку возврата к выбору категорий и кликнул по ней, спим 3 секунды"
2025-12-07T18:21:26.608669,4,1,2025-12-19,4,print,[trace] find_categories start
2025-12-07T18:21:39.335952,4,1,2025-12-19,4,print,"[trace] категория 14 пока не появилась, пробуем снова (1/4)"
2025-12-07T18:21:43.455798,4,1,2025-12-19,4,print,[trace] find_categories start
2025-12-07T18:21:50.735014,4,1,2025-12-19,4,print,Выбрал 14 категорию из 31 найденных
2025-12-07T18:21:50.737015,4,1,2025-12-19,4,print,[trace] check_last_room start
2025-12-07T18:21:50.826341,4,1,2025-12-19,4,print,Переходим в категорию 14 из списка и спим 4 секунды
2025-12-07T18:21:54.828443,4,1,2025-12-19,4,print,[trace] extract_regular_prices start date=2025-12-21
2025-12-07T18:21:55.120223,4,1,2025-12-19,4,print,"Нашел кнопку возврата к выбору категорий и кликнул по ней, спим 3 секунды"
2025-12-07T18:21:58.127096,4,1,2025-12-19,4,print,[trace] find_categories start
2025-12-07T18:22:26.006314,4,1,2025-12-19,4,print,Выбрал 15 категорию из 31 найденных
2025-12-07T18:22:26.010370,4,1,2025-12-19,4,print,[trace] check_last_room start
2025-12-07T18:22:26.125283,4,1,2025-12-19,4,print,Переходим в категорию 15 из списка и спим 4 секунды
2025-12-07T18:22:30.127109,4,1,2025-12-19,4,print,[trace] extract_regular_prices start date=2025-12-21
2025-12-07T18:22:30.274002,4,1,2025-12-19,4,print,"Нашел кнопку возврата к выбору категорий и кликнул по ней, спим 3 секунды"
2025-12-07T18:22:33.276116,4,1,2025-12-19,4,print,[trace] find_categories start
2025-12-07T18:22:48.322486,4,1,2025-12-19,4,print,Выбрал 16 категорию из 31 найденных
2025-12-07T18:22:48.331651,4,1,2025-12-19,4,print,[trace] check_last_room start
2025-12-07T18:22:48.649704,4,1,2025-12-19,4,print,Переходим в категорию 16 из списка и спим 4 секунды
2025-12-07T18:22:52.652362,4,1,2025-12-19,4,print,[trace] extract_regular_prices start date=2025-12-21
2025-12-07T18:22:53.053110,4,1,2025-12-19,4,print,"Нашел кнопку возврата к выбору категорий и кликнул по ней, спим 3 секунды"
2025-12-07T18:22:56.056923,4,1,2025-12-19,4,print,[trace] find_categories start
2025-12-07T18:23:13.018347,4,1,2025-12-19,4,print,Выбрал 17 категорию из 31 найденных
2025-12-07T18:23:13.037369,4,1,2025-12-19,4,print,[trace] check_last_room start
2025-12-07T18:23:13.721997,4,1,2025-12-19,4,print,Переходим в категорию 17 из списка и спим 4 секунды
2025-12-07T18:23:17.729985,4,1,2025-12-19,4,print,[trace] extract_regular_prices start date=2025-12-21
2025-12-07T18:23:18.301602,4,1,2025-12-19,4,print,"Нашел кнопку возврата к выбору категорий и кликнул по ней, спим 3 секунды"
2025-12-07T18:23:21.305332,4,1,2025-12-19,4,print,[trace] find_categories start
2025-12-07T18:23:37.590127,4,1,2025-12-19,4,print,Выбрал 18 категорию из 31 найденных
2025-12-07T18:23:37.592221,4,1,2025-12-19,4,print,[trace] check_last_room start
2025-12-07T18:23:37.776510,4,1,2025-12-19,4,print,Переходим в категорию 18 из списка и спим 4 секунды
2025-12-07T18:23:41.783138,4,1,2025-12-19,4,print,[trace] extract_regular_prices start date=2025-12-21
2025-12-07T18:23:42.781917,4,1,2025-12-19,4,print,"Нашел кнопку возврата к выбору категорий и кликнул по ней, спим 3 секунды"
2025-12-07T18:23:45.784679,4,1,2025-12-19,4,print,[trace] find_categories start
2025-12-07T18:24:03.413063,4,1,2025-12-19,4,print,Выбрал 19 категорию из 31 найденных
2025-12-07T18:24:03.421470,4,1,2025-12-19,4,print,[trace] check_last_room start
2025-12-07T18:24:03.646629,4,1,2025-12-19,4,print,Переходим в категорию 19 из списка и спим 4 секунды
2025-12-07T18:24:07.770970,4,1,2025-12-19,4,print,[trace] extract_regular_prices start date=2025-12-21
2025-12-07T18:24:10.231233,4,1,2025-12-19,4,print,"Нашел кнопку возврата к выбору категорий и кликнул по ней, спим 3 секунды"
2025-12-07T18:24:13.433224,4,1,2025-12-19,4,print,[trace] find_categories start
2025-12-07T18:24:40.769015,4,1,2025-12-19,4,print,Выбрал 20 категорию из 31 найденных
2025-12-07T18:24:40.776295,4,1,2025-12-19,4,print,[trace] check_last_room start
2025-12-07T18:24:40.912992,4,1,2025-12-19,4,print,Переходим в категорию 20 из списка и спим 4 секунды
2025-12-07T18:24:44.918093,4,1,2025-12-19,4,print,[trace] extract_regular_prices start date=2025-12-21
2025-12-07T18:24:46.255251,4,1,2025-12-19,4,print,"Нашел кнопку возврата к выбору категорий и кликнул по ней, спим 3 секунды"
2025-12-07T18:24:49.269535,4,1,2025-12-19,4,print,[trace] find_categories start
2025-12-07T18:25:13.937150,4,1,2025-12-19,4,print,Выбрал 21 категорию из 31 найденных
2025-12-07T18:25:13.942627,4,1,2025-12-19,4,print,[trace] check_last_room start
2025-12-07T18:25:14.013682,4,1,2025-12-19,4,print,Переходим в категорию 21 из списка и спим 4 секунды
2025-12-07T18:25:18.015497,4,1,2025-12-19,4,print,[trace] extract_regular_prices start date=2025-12-21
2025-12-07T18:25:18.293750,4,1,2025-12-19,4,print,"Нашел кнопку возврата к выбору категорий и кликнул по ней, спим 3 секунды"
2025-12-07T18:25:21.299392,4,1,2025-12-19,4,print,[trace] find_categories start
2025-12-07T18:25:39.083676,4,1,2025-12-19,4,print,Выбрал 22 категорию из 31 найденных
2025-12-07T18:25:39.092379,4,1,2025-12-19,4,print,[trace] check_last_room start
2025-12-07T18:25:39.181247,4,1,2025-12-19,4,print,Переходим в категорию 22 из списка и спим 4 секунды
2025-12-07T18:25:43.183242,4,1,2025-12-19,4,print,[trace] extract_regular_prices start date=2025-12-21
2025-12-07T18:25:43.564563,4,1,2025-12-19,4,print,"Нашел кнопку возврата к выбору категорий и кликнул по ней, спим 3 секунды"
2025-12-07T18:25:46.568868,4,1,2025-12-19,4,print,[trace] find_categories start
2025-12-07T18:26:01.662338,4,1,2025-12-19,4,print,Выбрал 23 категорию из 31 найденных
2025-12-07T18:26:01.665339,4,1,2025-12-19,4,print,[trace] check_last_room start
2025-12-07T18:26:01.749062,4,1,2025-12-19,4,print,Переходим в категорию 23 из списка и спим 4 секунды
2025-12-07T18:26:05.751557,4,1,2025-12-19,4,print,[trace] extract_regular_prices start date=2025-12-21
2025-12-07T18:26:06.046359,4,1,2025-12-19,4,print,"Нашел кнопку возврата к выбору категорий и кликнул по ней, спим 3 секунды"
2025-12-07T18:26:09.048452,4,1,2025-12-19,4,print,[trace] find_categories start
2025-12-07T18:26:29.351490,4,1,2025-12-19,4,print,Выбрал 24 категорию из 31 найденных
2025-12-07T18:26:29.356769,4,1,2025-12-19,4,print,[trace] check_last_room start
2025-12-07T18:26:29.445437,4,1,2025-12-19,4,print,Переходим в категорию 24 из списка и спим 4 секунды
2025-12-07T18:26:33.448092,4,1,2025-12-19,4,print,[trace] extract_regular_prices start date=2025-12-21
2025-12-07T18:26:33.634941,4,1,2025-12-19,4,print,"Нашел кнопку возврата к выбору категорий и кликнул по ней, спим 3 секунды"
2025-12-07T18:26:36.636189,4,1,2025-12-19,4,print,[trace] find_categories start
2025-12-07T18:26:56.519576,4,1,2025-12-19,4,print,Выбрал 25 категорию из 31 найденных
2025-12-07T18:26:56.530679,4,1,2025-12-19,4,print,[trace] check_last_room start
2025-12-07T18:26:56.702588,4,1,2025-12-19,4,print,Переходим в категорию 25 из списка и спим 4 секунды
2025-12-07T18:27:00.740168,4,1,2025-12-19,4,print,[trace] extract_regular_prices start date=2025-12-21
2025-12-07T18:27:01.164173,4,1,2025-12-19,4,print,"Нашел кнопку возврата к выбору категорий и кликнул по ней, спим 3 секунды"
2025-12-07T18:27:04.398744,4,1,2025-12-19,4,print,[trace] find_categories start
2025-12-07T18:27:25.648772,4,1,2025-12-19,4,print,Выбрал 26 категорию из 31 найденных
2025-12-07T18:27:25.657250,4,1,2025-12-19,4,print,[trace] check_last_room start
2025-12-07T18:27:25.747283,4,1,2025-12-19,4,print,Переходим в категорию 26 из списка и спим 4 секунды
2025-12-07T18:27:29.749858,4,1,2025-12-19,4,print,[trace] extract_regular_prices start date=2025-12-21
2025-12-07T18:27:30.231219,4,1,2025-12-19,4,print,"Нашел кнопку возврата к выбору категорий и кликнул по ней, спим 3 секунды"
2025-12-07T18:27:33.234089,4,1,2025-12-19,4,print,[trace] find_categories start
2025-12-07T18:27:48.396555,4,1,2025-12-19,4,print,Выбрал 27 категорию из 31 найденных
2025-12-07T18:27:48.402956,4,1,2025-12-19,4,print,[trace] check_last_room start
2025-12-07T18:27:48.950615,4,1,2025-12-19,4,print,Переходим в категорию 27 из списка и спим 4 секунды
2025-12-07T18:27:52.953796,4,1,2025-12-19,4,print,[trace] extract_regular_prices start date=2025-12-21
2025-12-07T18:27:53.228981,4,1,2025-12-19,4,print,"Нашел кнопку возврата к выбору категорий и кликнул по ней, спим 3 секунды"
2025-12-07T18:27:56.232057,4,1,2025-12-19,4,print,[trace] find_categories start
2025-12-07T18:28:12.861243,4,1,2025-12-19,4,print,Выбрал 28 категорию из 31 найденных
2025-12-07T18:28:12.869244,4,1,2025-12-19,4,print,[trace] check_last_room start
2025-12-07T18:28:13.055099,4,1,2025-12-19,4,print,Переходим в категорию 28 из списка и спим 4 секунды
2025-12-07T18:28:17.220763,4,1,2025-12-19,4,print,[trace] extract_regular_prices start date=2025-12-21
2025-12-07T18:28:17.856479,4,1,2025-12-19,4,print,"Нашел кнопку возврата к выбору категорий и кликнул по ней, спим 3 секунды"
2025-12-07T18:28:20.859478,4,1,2025-12-19,4,print,[trace] find_categories start
2025-12-07T18:28:42.473179,4,1,2025-12-19,4,print,Выбрал 29 категорию из 31 найденных
2025-12-07T18:28:42.476788,4,1,2025-12-19,4,print,[trace] check_last_room start
2025-12-07T18:28:42.561892,4,1,2025-12-19,4,print,Переходим в категорию 29 из списка и спим 4 секунды
2025-12-07T18:28:46.563886,4,1,2025-12-19,4,print,[trace] extract_regular_prices start date=2025-12-21
2025-12-07T18:28:47.232214,4,1,2025-12-19,4,print,"Нашел кнопку возврата к выбору категорий и кликнул по ней, спим 3 секунды"
2025-12-07T18:28:50.235987,4,1,2025-12-19,4,print,[trace] find_categories start
2025-12-07T18:29:01.669753,4,1,2025-12-19,4,print,Выбрал 30 категорию из 31 найденных
2025-12-07T18:29:01.670761,4,1,2025-12-19,4,print,[trace] check_last_room start
2025-12-07T18:29:01.710141,4,1,2025-12-19,4,print,Переходим в категорию 30 из списка и спим 4 секунды
2025-12-07T18:29:05.711523,4,1,2025-12-19,4,print,[trace] extract_regular_prices start date=2025-12-21
2025-12-07T18:29:05.927458,4,1,2025-12-19,4,print,"Нашел кнопку возврата к выбору категорий и кликнул по ней, спим 3 секунды"
2025-12-07T18:29:08.929265,4,1,2025-12-19,4,print,[trace] find_categories start
2025-12-07T18:29:26.669587,4,1,2025-12-19,4,print,Выбрал 31 категорию из 31 найденных
2025-12-07T18:29:26.677496,4,1,2025-12-19,4,print,[trace] check_last_room start
2025-12-07T18:29:26.734908,4,1,2025-12-19,4,print,Переходим в категорию 31 из списка и спим 4 секунды
2025-12-07T18:29:30.737832,4,1,2025-12-19,4,print,[trace] extract_regular_prices start date=2025-12-21
2025-12-07T18:29:30.885078,4,1,2025-12-19,4,print,"Нашел кнопку возврата к выбору категорий и кликнул по ней, спим 3 секунды"
2025-12-07T18:29:33.888014,4,1,2025-12-19,4,print,[trace] find_categories start
2025-12-07T18:29:55.847603,4,1,2025-12-19,4,print,[trace] save_regular_prices start count=31
2025-12-07T18:29:56.111580,4,1,2025-12-19,4,print,[parser-4] progress 3/4 (75%)
2025-12-07T18:29:56.114125,4,1,2025-12-19,4,print,[trace] parse_period processing date=2025-12-22
2025-12-07T18:29:56.118400,4,1,2025-12-19,4,print,[trace] get_regular_prices_for_date start dt=2025-12-22
2025-12-07T18:29:56.122569,4,1,2025-12-19,4,print,[trace] switch_dates start for date=2025-12-22
2025-12-07T18:29:56.189961,4,1,2025-12-19,4,print,"Нашел элемент ""input_date"""
2025-12-07T18:29:56.218459,4,1,2025-12-19,4,print,"Нашел элемент ""input_btn"""
2025-12-07T18:29:56.240466,4,1,2025-12-19,4,print,"Проскроллил к ""input_btn"""
2025-12-07T18:29:56.428815,4,1,2025-12-19,4,print,"Кликнул на ""input_btn"""
2025-12-07T18:29:56.676551,4,1,2025-12-19,4,print,"Нашел рамку выбора дат ""x-modal__container"""
2025-12-07T18:29:59.680490,4,1,2025-12-19,4,print,[trace] find_dates start
2025-12-07T18:30:05.475975,4,1,2025-12-19,4,print,Нашел список дат для выбора
2025-12-07T18:30:10.477405,4,1,2025-12-19,4,print,"[trace] find_date_btn start dt=2025-12-22, procedure=arrival"
2025-12-07T18:30:12.138437,4,1,2025-12-19,4,print,Кликнул по кнопке заезда
2025-12-07T18:30:12.139988,4,1,2025-12-19,4,print,"[trace] find_date_btn start dt=2025-12-22, procedure=checkout"
2025-12-07T18:30:14.174948,4,1,2025-12-19,4,print,Кликнул по кнопке выезда
2025-12-07T18:30:18.179766,4,1,2025-12-19,4,print,[trace] find_categories start
2025-12-07T18:30:55.631646,4,1,2025-12-19,4,print,На 22.12.2025 найдено: 24 доступных категорий
2025-12-07T18:30:58.921079,4,1,2025-12-19,4,print,Выбрал 1 категорию из 24 найденных
2025-12-07T18:30:58.923248,4,1,2025-12-19,4,print,[trace] check_last_room start
2025-12-07T18:30:59.172941,4,1,2025-12-19,4,print,Переходим в категорию 1 из списка и спим 4 секунды
2025-12-07T18:31:03.177861,4,1,2025-12-19,4,print,[trace] extract_regular_prices start date=2025-12-22
2025-12-07T18:31:03.464969,4,1,2025-12-19,4,print,"Нашел кнопку возврата к выбору категорий и кликнул по ней, спим 3 секунды"
2025-12-07T18:31:06.468883,4,1,2025-12-19,4,print,[trace] find_categories start
2025-12-07T18:31:45.390601,4,1,2025-12-19,4,print,Выбрал 2 категорию из 24 найденных
2025-12-07T18:31:45.402605,4,1,2025-12-19,4,print,[trace] check_last_room start
2025-12-07T18:31:46.008440,4,1,2025-12-19,4,print,Переходим в категорию 2 из списка и спим 4 секунды
2025-12-07T18:31:50.085305,4,1,2025-12-19,4,print,[trace] extract_regular_prices start date=2025-12-22
2025-12-07T18:31:51.826614,4,1,2025-12-19,4,print,"Нашел кнопку возврата к выбору категорий и кликнул по ней, спим 3 секунды"
2025-12-07T18:31:54.896880,4,1,2025-12-19,4,print,[trace] find_categories start
2025-12-07T18:32:18.014278,4,1,2025-12-19,4,print,Выбрал 3 категорию из 24 найденных
2025-12-07T18:32:18.039904,4,1,2025-12-19,4,print,[trace] check_last_room start
2025-12-07T18:32:18.586861,4,1,2025-12-19,4,print,Переходим в категорию 3 из списка и спим 4 секунды
2025-12-07T18:32:22.589923,4,1,2025-12-19,4,print,[trace] extract_regular_prices start date=2025-12-22
2025-12-07T18:32:22.842584,4,1,2025-12-19,4,print,"Нашел кнопку возврата к выбору категорий и кликнул по ней, спим 3 секунды"
2025-12-07T18:32:25.845916,4,1,2025-12-19,4,print,[trace] find_categories start
2025-12-07T18:33:10.121595,4,1,2025-12-19,4,print,Выбрал 4 категорию из 24 найденных
2025-12-07T18:33:10.199205,4,1,2025-12-19,4,print,[trace] check_last_room start
2025-12-07T18:33:10.904019,4,1,2025-12-19,4,print,Переходим в категорию 4 из списка и спим 4 секунды
2025-12-07T18:33:14.931892,4,1,2025-12-19,4,print,[trace] extract_regular_prices start date=2025-12-22
2025-12-07T18:33:17.082952,4,1,2025-12-19,4,print,"Нашел кнопку возврата к выбору категорий и кликнул по ней, спим 3 секунды"
2025-12-07T18:33:20.085350,4,1,2025-12-19,4,print,[trace] find_categories start
2025-12-07T18:33:45.518707,4,1,2025-12-19,4,print,Выбрал 5 категорию из 24 найденных
2025-12-07T18:33:45.524705,4,1,2025-12-19,4,print,[trace] check_last_room start
2025-12-07T18:33:45.719722,4,1,2025-12-19,4,print,Переходим в категорию 5 из списка и спим 4 секунды
2025-12-07T18:33:49.723200,4,1,2025-12-19,4,print,[trace] extract_regular_prices start date=2025-12-22
2025-12-07T18:33:49.921417,4,1,2025-12-19,4,print,"Нашел кнопку возврата к выбору категорий и кликнул по ней, спим 3 секунды"
2025-12-07T18:33:52.923432,4,1,2025-12-19,4,print,[trace] find_categories start
2025-12-07T18:34:24.238959,4,1,2025-12-19,4,print,Выбрал 6 категорию из 24 найденных
2025-12-07T18:34:24.250040,4,1,2025-12-19,4,print,[trace] check_last_room start
2025-12-07T18:34:24.403889,4,1,2025-12-19,4,print,Переходим в категорию 6 из списка и спим 4 секунды
2025-12-07T18:34:28.407094,4,1,2025-12-19,4,print,[trace] extract_regular_prices start date=2025-12-22
2025-12-07T18:34:28.650968,4,1,2025-12-19,4,print,"Нашел кнопку возврата к выбору категорий и кликнул по ней, спим 3 секунды"
2025-12-07T18:34:31.653183,4,1,2025-12-19,4,print,[trace] find_categories start
2025-12-07T18:35:32.304335,4,1,2025-12-19,4,print,Выбрал 7 категорию из 24 найденных
2025-12-07T18:35:32.466556,4,1,2025-12-19,4,print,[trace] check_last_room start
2025-12-07T18:35:33.375408,4,1,2025-12-19,4,print,Переходим в категорию 7 из списка и спим 4 секунды
2025-12-07T18:35:37.501741,4,1,2025-12-19,4,print,[trace] extract_regular_prices start date=2025-12-22
2025-12-07T18:35:38.338160,4,1,2025-12-19,4,print,"Нашел кнопку возврата к выбору категорий и кликнул по ней, спим 3 секунды"
2025-12-07T18:35:41.342348,4,1,2025-12-19,4,print,[trace] find_categories start
2025-12-07T18:36:14.502876,4,1,2025-12-19,4,print,Выбрал 8 категорию из 24 найденных
2025-12-07T18:36:14.517507,4,1,2025-12-19,4,print,[trace] check_last_room start
2025-12-07T18:36:14.663775,4,1,2025-12-19,4,print,Переходим в категорию 8 из списка и спим 4 секунды
2025-12-07T18:36:18.666263,4,1,2025-12-19,4,print,[trace] extract_regular_prices start date=2025-12-22
2025-12-07T18:36:18.962646,4,1,2025-12-19,4,print,"Нашел кнопку возврата к выбору категорий и кликнул по ней, спим 3 секунды"
2025-12-07T18:36:21.964973,4,1,2025-12-19,4,print,[trace] find_categories start
2025-12-07T18:36:32.535398,4,1,2025-12-19,4,print,Выбрал 9 категорию из 24 найденных
2025-12-07T18:36:32.562119,4,1,2025-12-19,4,print,[trace] check_last_room start
2025-12-07T18:36:33.565465,4,1,2025-12-19,4,print,Переходим в категорию 9 из списка и спим 4 секунды
2025-12-07T18:36:37.567966,4,1,2025-12-19,4,print,[trace] extract_regular_prices start date=2025-12-22
2025-12-07T18:36:37.725339,4,1,2025-12-19,4,print,"Нашел кнопку возврата к выбору категорий и кликнул по ней, спим 3 секунды"
2025-12-07T18:36:40.726901,4,1,2025-12-19,4,print,[trace] find_categories start
2025-12-07T18:36:51.170000,4,1,2025-12-19,4,print,Выбрал 10 категорию из 24 найденных
2025-12-07T18:36:51.172071,4,1,2025-12-19,4,print,[trace] check_last_room start
2025-12-07T18:36:51.242047,4,1,2025-12-19,4,print,Переходим в категорию 10 из списка и спим 4 секунды
2025-12-07T18:36:55.244278,4,1,2025-12-19,4,print,[trace] extract_regular_prices start date=2025-12-22
2025-12-07T18:36:55.781356,4,1,2025-12-19,4,print,"Нашел кнопку возврата к выбору категорий и кликнул по ней, спим 3 секунды"
2025-12-07T18:36:58.782428,4,1,2025-12-19,4,print,[trace] find_categories start
2025-12-07T18:37:08.185811,4,1,2025-12-19,4,print,Выбрал 11 категорию из 24 найденных
2025-12-07T18:37:08.188146,4,1,2025-12-19,4,print,[trace] check_last_room start
2025-12-07T18:37:08.222452,4,1,2025-12-19,4,print,Переходим в категорию 11 из списка и спим 4 секунды
2025-12-07T18:37:12.224985,4,1,2025-12-19,4,print,[trace] extract_regular_prices start date=2025-12-22
2025-12-07T18:37:12.349708,4,1,2025-12-19,4,print,"Нашел кнопку возврата к выбору категорий и кликнул по ней, спим 3 секунды"
2025-12-07T18:37:15.351603,4,1,2025-12-19,4,print,[trace] find_categories start
2025-12-07T18:37:24.279744,4,1,2025-12-19,4,print,Выбрал 12 категорию из 24 найденных
2025-12-07T18:37:24.279744,4,1,2025-12-19,4,print,[trace] check_last_room start
2025-12-07T18:37:24.318293,4,1,2025-12-19,4,print,Переходим в категорию 12 из списка и спим 4 секунды
2025-12-07T18:37:28.321438,4,1,2025-12-19,4,print,[trace] extract_regular_prices start date=2025-12-22
2025-12-07T18:37:28.461903,4,1,2025-12-19,4,print,"Нашел кнопку возврата к выбору категорий и кликнул по ней, спим 3 секунды"
2025-12-07T18:37:31.464375,4,1,2025-12-19,4,print,[trace] find_categories start
2025-12-07T18:37:50.201921,4,1,2025-12-19,4,print,Выбрал 13 категорию из 24 найденных
2025-12-07T18:37:50.206162,4,1,2025-12-19,4,print,[trace] check_last_room start
2025-12-07T18:37:50.278548,4,1,2025-12-19,4,print,Переходим в категорию 13 из списка и спим 4 секунды
2025-12-07T18:37:54.280678,4,1,2025-12-19,4,print,[trace] extract_regular_prices start date=2025-12-22
2025-12-07T18:37:55.186795,4,1,2025-12-19,4,print,"Нашел кнопку возврата к выбору категорий и кликнул по ней, спим 3 секунды"
2025-12-07T18:37:58.192313,4,1,2025-12-19,4,print,[trace] find_categories start
2025-12-07T18:38:07.044876,4,1,2025-12-19,4,print,Выбрал 14 категорию из 24 найденных
2025-12-07T18:38:07.047879,4,1,2025-12-19,4,print,[trace] check_last_room start
2025-12-07T18:38:07.115292,4,1,2025-12-19,4,print,Переходим в категорию 14 из списка и спим 4 секунды
2025-12-07T18:38:11.116626,4,1,2025-12-19,4,print,[trace] extract_regular_prices start date=2025-12-22
2025-12-07T18:38:11.315452,4,1,2025-12-19,4,print,"Нашел кнопку возврата к выбору категорий и кликнул по ней, спим 3 секунды"
2025-12-07T18:38:14.317980,4,1,2025-12-19,4,print,[trace] find_categories start
2025-12-07T18:38:23.173361,4,1,2025-12-19,4,print,Выбрал 15 категорию из 24 найденных
2025-12-07T18:38:23.174406,4,1,2025-12-19,4,print,[trace] check_last_room start
2025-12-07T18:38:23.223764,4,1,2025-12-19,4,print,Переходим в категорию 15 из списка и спим 4 секунды
2025-12-07T18:38:27.225897,4,1,2025-12-19,4,print,[trace] extract_regular_prices start date=2025-12-22
2025-12-07T18:38:27.580239,4,1,2025-12-19,4,print,"Нашел кнопку возврата к выбору категорий и кликнул по ней, спим 3 секунды"
2025-12-07T18:38:30.583284,4,1,2025-12-19,4,print,[trace] find_categories start
2025-12-07T18:38:37.874561,4,1,2025-12-19,4,print,Выбрал 16 категорию из 24 найденных
2025-12-07T18:38:37.874561,4,1,2025-12-19,4,print,[trace] check_last_room start
2025-12-07T18:38:37.924693,4,1,2025-12-19,4,print,Переходим в категорию 16 из списка и спим 4 секунды
2025-12-07T18:38:41.926252,4,1,2025-12-19,4,print,[trace] extract_regular_prices start date=2025-12-22
2025-12-07T18:38:42.116649,4,1,2025-12-19,4,print,"Нашел кнопку возврата к выбору категорий и кликнул по ней, спим 3 секунды"
2025-12-07T18:38:45.120348,4,1,2025-12-19,4,print,[trace] find_categories start
2025-12-07T18:38:55.651900,4,1,2025-12-19,4,print,Выбрал 17 категорию из 24 найденных
2025-12-07T18:38:55.674413,4,1,2025-12-19,4,print,[trace] check_last_room start
2025-12-07T18:38:56.291195,4,1,2025-12-19,4,print,Переходим в категорию 17 из списка и спим 4 секунды
2025-12-07T18:39:00.293114,4,1,2025-12-19,4,print,[trace] extract_regular_prices start date=2025-12-22
2025-12-07T18:39:00.508919,4,1,2025-12-19,4,print,"Нашел кнопку возврата к выбору категорий и кликнул по ней, спим 3 секунды"
2025-12-07T18:39:03.510504,4,1,2025-12-19,4,print,[trace] find_categories start
2025-12-07T18:39:12.318336,4,1,2025-12-19,4,print,Выбрал 18 категорию из 24 найденных
2025-12-07T18:39:12.319711,4,1,2025-12-19,4,print,[trace] check_last_room start
2025-12-07T18:39:12.349646,4,1,2025-12-19,4,print,Переходим в категорию 18 из списка и спим 4 секунды
2025-12-07T18:39:16.352532,4,1,2025-12-19,4,print,[trace] extract_regular_prices start date=2025-12-22
2025-12-07T18:39:16.478271,4,1,2025-12-19,4,print,"Нашел кнопку возврата к выбору категорий и кликнул по ней, спим 3 секунды"
2025-12-07T18:39:19.479191,4,1,2025-12-19,4,print,[trace] find_categories start
2025-12-07T18:39:26.451778,4,1,2025-12-19,4,print,Выбрал 19 категорию из 24 найденных
2025-12-07T18:39:26.452792,4,1,2025-12-19,4,print,[trace] check_last_room start
2025-12-07T18:39:26.500918,4,1,2025-12-19,4,print,Переходим в категорию 19 из списка и спим 4 секунды
2025-12-07T18:39:30.503495,4,1,2025-12-19,4,print,[trace] extract_regular_prices start date=2025-12-22
2025-12-07T18:39:30.628155,4,1,2025-12-19,4,print,"Нашел кнопку возврата к выбору категорий и кликнул по ней, спим 3 секунды"
2025-12-07T18:39:33.629350,4,1,2025-12-19,4,print,[trace] find_categories start
2025-12-07T18:39:41.330117,4,1,2025-12-19,4,print,Выбрал 20 категорию из 24 найденных
2025-12-07T18:39:41.332315,4,1,2025-12-19,4,print,[trace] check_last_room start
2025-12-07T18:39:41.361421,4,1,2025-12-19,4,print,Переходим в категорию 20 из списка и спим 4 секунды
2025-12-07T18:39:45.363165,4,1,2025-12-19,4,print,[trace] extract_regular_prices start date=2025-12-22
2025-12-07T18:39:45.491181,4,1,2025-12-19,4,print,"Нашел кнопку возврата к выбору категорий и кликнул по ней, спим 3 секунды"
2025-12-07T18:39:48.492445,4,1,2025-12-19,4,print,[trace] find_categories start
2025-12-07T18:39:55.574502,4,1,2025-12-19,4,print,Выбрал 21 категорию из 24 найденных
2025-12-07T18:39:55.574502,4,1,2025-12-19,4,print,[trace] check_last_room start
2025-12-07T18:39:55.615326,4,1,2025-12-19,4,print,Переходим в категорию 21 из списка и спим 4 секунды
2025-12-07T18:39:59.617720,4,1,2025-12-19,4,print,[trace] extract_regular_prices start date=2025-12-22
2025-12-07T18:39:59.737299,4,1,2025-12-19,4,print,"Нашел кнопку возврата к выбору категорий и кликнул по ней, спим 3 секунды"
2025-12-07T18:40:02.739098,4,1,2025-12-19,4,print,[trace] find_categories start
2025-12-07T18:40:10.131541,4,1,2025-12-19,4,print,Выбрал 22 категорию из 24 найденных
2025-12-07T18:40:10.132584,4,1,2025-12-19,4,print,[trace] check_last_room start
2025-12-07T18:40:10.165530,4,1,2025-12-19,4,print,Переходим в категорию 22 из списка и спим 4 секунды
2025-12-07T18:40:14.168492,4,1,2025-12-19,4,print,[trace] extract_regular_prices start date=2025-12-22
2025-12-07T18:40:14.289716,4,1,2025-12-19,4,print,"Нашел кнопку возврата к выбору категорий и кликнул по ней, спим 3 секунды"
2025-12-07T18:40:17.291393,4,1,2025-12-19,4,print,[trace] find_categories start
2025-12-07T18:40:24.322775,4,1,2025-12-19,4,print,Выбрал 23 категорию из 24 найденных
2025-12-07T18:40:24.323782,4,1,2025-12-19,4,print,[trace] check_last_room start
2025-12-07T18:40:24.362105,4,1,2025-12-19,4,print,Переходим в категорию 23 из списка и спим 4 секунды
2025-12-07T18:40:28.364268,4,1,2025-12-19,4,print,[trace] extract_regular_prices start date=2025-12-22
2025-12-07T18:40:28.483025,4,1,2025-12-19,4,print,"Нашел кнопку возврата к выбору категорий и кликнул по ней, спим 3 секунды"
2025-12-07T18:40:31.483975,4,1,2025-12-19,4,print,[trace] find_categories start
2025-12-07T18:40:38.544729,4,1,2025-12-19,4,print,Выбрал 24 категорию из 24 найденных
2025-12-07T18:40:38.545732,4,1,2025-12-19,4,print,[trace] check_last_room start
2025-12-07T18:40:38.579189,4,1,2025-12-19,4,print,Переходим в категорию 24 из списка и спим 4 секунды
2025-12-07T18:40:42.581900,4,1,2025-12-19,4,print,[trace] extract_regular_prices start date=2025-12-22
2025-12-07T18:40:42.699958,4,1,2025-12-19,4,print,"Нашел кнопку возврата к выбору категорий и кликнул по ней, спим 3 секунды"
2025-12-07T18:40:45.701826,4,1,2025-12-19,4,print,[trace] find_categories start
2025-12-07T18:40:49.783707,4,1,2025-12-19,4,print,[trace] save_regular_prices start count=24
2025-12-07T18:40:49.812768,4,1,2025-12-19,4,print,[parser-4] progress 4/4 (100%)
2025-12-07T18:40:52.208229,4,1,2025-12-19,4,print,[trace] get_connection closing connection
2025-12-07T18:40:52.209239,4,1,2025-12-19,4,print,[parser-4] attempt 1: finished range 2025-12-19 -> 2025-12-22
2025-12-07T18:40:52.209239,4,1,2025-12-19,4,success,completed range 2025-12-19 -> 2025-12-22
